dataset,combo,aggregate_rank,aggregate_score,aggregate_overall,aggregate_faithfulness,aggregate_correctness,aggregate_relevance,aggregate_latency_ms,aggregate_std_across_llms,aggregate_std_across_configs,num_llms,num_configs,llama3_2_latest_rank,llama3_2_latest_score,llama3_2_latest_overall,llama3_2_latest_faithfulness,llama3_2_latest_correctness,llama3_2_latest_relevance,llama3_2_latest_latency_ms,llama3_2_latest_std_across_configs
triviaqa,multi-qa-mini__ms-marco-L6,1,87.89375,84.4125,84.375,82.25,96.375,1068.352075,0.0,3.962199318244856,1,4,1,87.89375,84.4125,84.375,82.25,96.375,1068.352075,3.962199318244856
triviaqa,multi-qa-mini__bge-reranker,2,86.9625,84.1125,81.625,82.625,95.25,1239.9515875,0.0,9.789814541144278,1,4,2,86.9625,84.1125,81.625,82.625,95.25,1239.9515875,9.789814541144278
triviaqa,multi-qa-mini__ms-marco-L12,3,86.425,82.875,82.5,80.0,95.5,1098.3958499999999,0.0,4.1775441350152125,1,4,3,86.425,82.875,82.5,80.0,95.5,1098.3958499999999,4.1775441350152125
triviaqa,bge-base__bge-reranker,4,85.225,80.4625,84.0625,78.3125,95.0625,1778.3567624999998,0.0,7.691147508662149,1,4,4,85.225,80.4625,84.0625,78.3125,95.0625,1778.3567624999998,7.691147508662149
triviaqa,bge-base__ms-marco-L6,5,83.65625,78.25,80.875,75.0,98.5,1634.9772375,0.0,8.586597023122723,1,4,5,83.65625,78.25,80.875,75.0,98.5,1634.9772375,8.586597023122723
triviaqa,bge-base__ms-marco-L12,6,77.215625,68.1375,73.6875,63.625,96.8125,1684.990475,0.0,6.637711125408743,1,4,6,77.215625,68.1375,73.6875,63.625,96.8125,1684.990475,6.637711125408743
