dataset,combo,aggregate_rank,aggregate_score,aggregate_overall,aggregate_faithfulness,aggregate_correctness,aggregate_relevance,aggregate_latency_ms,aggregate_std_across_llms,aggregate_std_across_configs,num_llms,num_configs,llama3_8b_rank,llama3_8b_score,llama3_8b_overall,llama3_8b_faithfulness,llama3_8b_correctness,llama3_8b_relevance,llama3_8b_latency_ms,llama3_8b_std_across_configs
triviaqa,multi-qa-mini__ms-marco-L6,1,92.26875,90.5375,89.875,88.75,97.5,1274.2889375,0.0,6.303914334562296,1,4,1,92.26875,90.5375,89.875,88.75,97.5,1274.2889375,6.303914334562296
triviaqa,multi-qa-mini__ms-marco-L12,2,91.21875,88.95,88.8125,87.5625,95.25,1282.1012,0.0,6.231970871040718,1,4,2,91.21875,88.95,88.8125,87.5625,95.25,1282.1012,6.231970871040718
triviaqa,bge-base__ms-marco-L6,3,86.05,81.2125,83.75,78.75,96.75,1903.1242375,0.0,7.882615365473567,1,4,3,86.05,81.2125,83.75,78.75,96.75,1903.1242375,7.882615365473567
triviaqa,bge-base__bge-reranker,4,84.25625,78.625,81.125,76.25,99.25,2023.0383875,0.0,3.789412677117656,1,4,4,84.25625,78.625,81.125,76.25,99.25,2023.0383875,3.789412677117656
triviaqa,multi-qa-mini__bge-reranker,5,81.925,78.8125,76.375,75.0,91.4375,1456.6760625,0.0,5.222906279074899,1,4,5,81.925,78.8125,76.375,75.0,91.4375,1456.6760625,5.222906279074899
triviaqa,bge-base__ms-marco-L12,6,77.771875,72.475,70.125,70.1875,98.375,1992.2470625,0.0,6.866215268208169,1,4,6,77.771875,72.475,70.125,70.1875,98.375,1992.2470625,6.866215268208169
