dataset,llm,mean_quality_score,mean_overall,mean_faithfulness,mean_correctness,mean_answer_relevance,mean_latency_ms,std_across_combos,num_combos,top_rank_count,bottom_rank_count,rank
triviaqa,mistral:7b,88.19010416666667,82.91250000000001,87.73958333333333,80.33333333333333,98.0625,1490.5505166666665,2.0152885835747694,6,1,1,1
triviaqa,llama3:8b,85.58177083333334,81.76875,81.67708333333333,79.41666666666667,96.42708333333333,1655.24598125,5.047010903957921,6,1,1,2
triviaqa,llama3.2:latest,84.56302083333334,79.70833333333333,81.1875,76.96875,96.25,1417.5039979166668,3.5487767555178027,6,1,1,3
