dataset,combo,aggregate_rank,aggregate_score,aggregate_overall,aggregate_faithfulness,aggregate_correctness,aggregate_relevance,aggregate_latency_ms,aggregate_std_across_llms,aggregate_std_across_configs,num_llms,num_configs,mistral_7b_rank,mistral_7b_score,mistral_7b_overall,mistral_7b_faithfulness,mistral_7b_correctness,mistral_7b_relevance,mistral_7b_latency_ms,mistral_7b_std_across_configs
triviaqa,multi-qa-mini__ms-marco-L6,1,91.175,89.1625,87.5,87.5,99.25,1143.3436,0.0,2.3263436977368586,1,4,1,91.175,89.1625,87.5,87.5,99.25,1143.3436,2.3263436977368586
triviaqa,multi-qa-mini__bge-reranker,2,89.5625,84.45,88.75,82.5,98.75,1307.077725,0.0,8.25922779380736,1,4,2,89.5625,84.45,88.75,82.5,98.75,1307.077725,8.25922779380736
triviaqa,multi-qa-mini__ms-marco-L12,3,88.725,83.4875,86.75,81.25,99.25,1202.4915875,0.0,2.4686787964415275,1,4,3,88.725,83.4875,86.75,81.25,99.25,1202.4915875,2.4686787964415275
triviaqa,bge-base__bge-reranker,4,88.303125,83.875,90.6875,80.5,97.0,1830.218275,0.0,3.0938557431423654,1,4,4,88.303125,83.875,90.6875,80.5,97.0,1830.218275,3.0938557431423654
triviaqa,bge-base__ms-marco-L6,5,86.3,79.1875,87.5,76.25,97.875,1677.95845,0.0,3.264869828951837,1,4,5,86.3,79.1875,87.5,76.25,97.875,1677.95845,3.264869828951837
triviaqa,bge-base__ms-marco-L12,6,85.075,77.3125,85.25,74.0,96.25,1782.2134624999999,0.0,4.100533501875093,1,4,6,85.075,77.3125,85.25,74.0,96.25,1782.2134624999999,4.100533501875093
